{"accuracy": [0.6758599877357483, 0.7343400120735168, 0.7546899914741516, 0.769540011882782, 0.7835500240325928, 0.7929900288581848, 0.8014400005340576, 0.8133299946784973, 0.82464998960495], "loss": [0.6192557215690613, 0.5302985310554504, 0.5012481808662415, 0.4782322347164154, 0.45851823687553406, 0.440798282623291, 0.42608147859573364, 0.4063972532749176, 0.38932672142982483], "val_accuracy": [0.7315999865531921, 0.6244999766349792, 0.768750011920929, 0.7786499857902527, 0.7893000245094299, 0.7908499836921692, 0.7738999724388123, 0.7747499942779541, 0.7670000195503235], "val_loss": [0.533852219581604, 0.710411787033081, 0.48694169521331787, 0.46868523955345154, 0.44991421699523926, 0.44678619503974915, 0.47016170620918274, 0.48340898752212524, 0.49501165747642517]}