{"accuracy": [0.6546000242233276, 0.7068600058555603, 0.7279300093650818, 0.7418500185012817, 0.7545700073242188, 0.7648800015449524, 0.7706199884414673, 0.7789599895477295, 0.7859699726104736, 0.7922400236129761, 0.7977499961853027, 0.8022400140762329, 0.8053699731826782, 0.8128600120544434], "loss": [0.6550293564796448, 0.5659137964248657, 0.5374982953071594, 0.5181284546852112, 0.5013281106948853, 0.48561397194862366, 0.4744577705860138, 0.46378374099731445, 0.4534863233566284, 0.44300130009651184, 0.43465468287467957, 0.4276575446128845, 0.4188627004623413, 0.4102639853954315], "val_accuracy": [0.684149980545044, 0.7105000019073486, 0.724399983882904, 0.7150499820709229, 0.7034000158309937, 0.7179499864578247, 0.7758499979972839, 0.7785999774932861, 0.7662000060081482, 0.786549985408783, 0.8051499724388123, 0.7227500081062317, 0.74795001745224, 0.613349974155426], "val_loss": [0.5837225914001465, 0.5529895424842834, 0.5488824844360352, 0.5751703381538391, 0.5898820757865906, 0.5471653342247009, 0.47120699286460876, 0.4652915894985199, 0.49371328949928284, 0.4595496654510498, 0.4244344234466553, 0.5605509877204895, 0.520317792892456, 0.974366307258606]}