{"accuracy": [0.8497999906539917, 0.9279699921607971, 0.9494199752807617, 0.9616900086402893, 0.9700300097465515, 0.976580023765564, 0.9805300235748291, 0.9839100241661072, 0.9861900210380554, 0.9886900186538696, 0.990559995174408, 0.9915599822998047, 0.9935200214385986, 0.9939200282096863, 0.9956099987030029, 0.9956899881362915, 0.9962000250816345, 0.9965900182723999, 0.996999979019165, 0.9978100061416626, 0.9977099895477295, 0.9981499910354614, 0.9981399774551392], "loss": [0.3382178246974945, 0.18058201670646667, 0.13029828667640686, 0.1010935828089714, 0.08056937903165817, 0.06394404917955399, 0.05377381294965744, 0.04541878402233124, 0.039265863597393036, 0.03282633423805237, 0.02822631411254406, 0.024605467915534973, 0.020595768466591835, 0.018378714099526405, 0.014887487515807152, 0.014175566844642162, 0.01235992182046175, 0.011324482038617134, 0.009662593714892864, 0.008175637573003769, 0.007983418181538582, 0.006818195804953575, 0.006435944698750973], "val_accuracy": [0.9402499794960022, 0.9606000185012817, 0.9617499709129333, 0.9745000004768372, 0.9782500267028809, 0.9789000153541565, 0.9804999828338623, 0.9832000136375427, 0.9829999804496765, 0.9812999963760376, 0.9871000051498413, 0.9869999885559082, 0.9858499765396118, 0.9870499968528748, 0.9872000217437744, 0.9891999959945679, 0.9886000156402588, 0.990149974822998, 0.9886999726295471, 0.9909499883651733, 0.9876499772071838, 0.9850999712944031, 0.9904999732971191], "val_loss": [0.16129711270332336, 0.10981390625238419, 0.09937682002782822, 0.07183925062417984, 0.06218548119068146, 0.057685960084199905, 0.05295810475945473, 0.047565486282110214, 0.044649042189121246, 0.049231551587581635, 0.0352616123855114, 0.03683626279234886, 0.038605328649282455, 0.03461414575576782, 0.03545207157731056, 0.030979657545685768, 0.030824096873402596, 0.027906445786356926, 0.0334145687520504, 0.02544301375746727, 0.03548761457204819, 0.042715467512607574, 0.027622561901807785]}