{"accuracy": [0.5201799869537354, 0.5524700284004211, 0.5614699721336365, 0.5679799914360046, 0.5720900297164917, 0.5753399729728699, 0.57819002866745, 0.579069972038269, 0.5791400074958801, 0.5826600193977356, 0.5840200185775757, 0.5847799777984619, 0.5846499800682068, 0.5859299898147583, 0.5867499709129333, 0.5871000289916992, 0.5884600281715393, 0.5900499820709229, 0.5898200273513794, 0.5914400219917297, 0.5918599963188171, 0.5934799909591675, 0.5896099805831909, 0.5938500165939331, 0.5943899750709534, 0.5934600234031677, 0.592270016670227, 0.5939800143241882, 0.5928599834442139, 0.5957099795341492, 0.5943300127983093, 0.5958499908447266, 0.595009982585907], "loss": [0.7024519443511963, 0.684933066368103, 0.6823635101318359, 0.6797589063644409, 0.6784622073173523, 0.6773886680603027, 0.6762838363647461, 0.6754905581474304, 0.6745893955230713, 0.6737272143363953, 0.6729167103767395, 0.6726142168045044, 0.6718013882637024, 0.6718071103096008, 0.6709186434745789, 0.6710383296012878, 0.670430600643158, 0.6699138283729553, 0.6698086857795715, 0.6692711114883423, 0.6685709357261658, 0.6680670976638794, 0.6687819361686707, 0.6678629517555237, 0.6677359342575073, 0.6674293875694275, 0.6675774455070496, 0.6669922471046448, 0.667316198348999, 0.6668598651885986, 0.6671110987663269, 0.666375994682312, 0.6665152907371521], "val_accuracy": [0.5767999887466431, 0.583299994468689, 0.5929499864578247, 0.5826500058174133, 0.5952000021934509, 0.5978000164031982, 0.5929499864578247, 0.5860000252723694, 0.5681999921798706, 0.5978999733924866, 0.6067000031471252, 0.6084499955177307, 0.600600004196167, 0.6000000238418579, 0.6105499863624573, 0.610450029373169, 0.6134999990463257, 0.6122000217437744, 0.6124500036239624, 0.5972999930381775, 0.6119999885559082, 0.6104000210762024, 0.6147500276565552, 0.6130499839782715, 0.6165000200271606, 0.6171500086784363, 0.614300012588501, 0.6172999739646912, 0.611299991607666, 0.6188499927520752, 0.6167500019073486, 0.6114500164985657, 0.6099500060081482], "val_loss": [0.6836568713188171, 0.6796932816505432, 0.6772835850715637, 0.675788164138794, 0.6737282872200012, 0.6728552579879761, 0.6718437075614929, 0.6716375350952148, 0.6739283204078674, 0.6692240834236145, 0.6676867604255676, 0.6670525670051575, 0.6678507924079895, 0.667499303817749, 0.6655517816543579, 0.6651469469070435, 0.6642274260520935, 0.664130449295044, 0.6635782718658447, 0.6650554537773132, 0.6630645990371704, 0.6627341508865356, 0.6619747281074524, 0.6623886823654175, 0.6612223386764526, 0.6609339714050293, 0.6611224412918091, 0.6604433059692383, 0.6619288921356201, 0.6599296927452087, 0.6601154804229736, 0.6603350043296814, 0.6615595817565918]}