{"accuracy": [0.5176500082015991, 0.5525500178337097, 0.5656399726867676, 0.5741299986839294, 0.5783799886703491, 0.5803599953651428, 0.5830100178718567, 0.5878000259399414, 0.588129997253418, 0.5872499942779541, 0.5923799872398376, 0.5921199917793274, 0.5913299918174744, 0.5935500264167786, 0.5933399796485901, 0.596560001373291, 0.5976499915122986, 0.5974400043487549, 0.5988900065422058, 0.5994300246238708, 0.5981699824333191, 0.6004300117492676, 0.6005300283432007, 0.6003400087356567, 0.6007800102233887, 0.603190004825592, 0.6031100153923035, 0.6057900190353394, 0.6032699942588806, 0.6042500138282776, 0.6057299971580505], "loss": [0.7131620049476624, 0.6841700077056885, 0.6797835230827332, 0.6773791313171387, 0.6756942272186279, 0.6747456789016724, 0.6735060811042786, 0.6722186207771301, 0.671354353427887, 0.6711161136627197, 0.6697181463241577, 0.6688184142112732, 0.668946385383606, 0.6682244539260864, 0.668175220489502, 0.666930615901947, 0.6665835976600647, 0.6661416292190552, 0.665828287601471, 0.6650603413581848, 0.665227472782135, 0.6644534468650818, 0.6639596223831177, 0.664043664932251, 0.6636146903038025, 0.6631311178207397, 0.6628140807151794, 0.6621913909912109, 0.6626715660095215, 0.6620686650276184, 0.6619682312011719], "val_accuracy": [0.5269500017166138, 0.57669997215271, 0.5789999961853027, 0.5983499884605408, 0.5882999897003174, 0.6010500192642212, 0.5956000089645386, 0.6104999780654907, 0.609000027179718, 0.6123499870300293, 0.614799976348877, 0.59579998254776, 0.6191499829292297, 0.6197999715805054, 0.6157000064849854, 0.6202999949455261, 0.6223000288009644, 0.6238499879837036, 0.6230999827384949, 0.6244500279426575, 0.6248499751091003, 0.6259499788284302, 0.6261500120162964, 0.61080002784729, 0.617900013923645, 0.6245999932289124, 0.6207500100135803, 0.6305000185966492, 0.6290000081062317, 0.6214500069618225, 0.6165000200271606], "val_loss": [0.6851016879081726, 0.6787874102592468, 0.6762688755989075, 0.6730015873908997, 0.672012984752655, 0.6706297397613525, 0.6692095994949341, 0.6671165227890015, 0.6671295762062073, 0.6651822328567505, 0.665336549282074, 0.6657603979110718, 0.6633812785148621, 0.6620504856109619, 0.661674439907074, 0.6616970300674438, 0.6603132486343384, 0.6597482562065125, 0.659990668296814, 0.658677339553833, 0.6583979725837708, 0.6579404473304749, 0.6577448844909668, 0.6588417887687683, 0.6574094295501709, 0.6564203500747681, 0.6564306020736694, 0.6554157137870789, 0.6556780934333801, 0.6555758118629456, 0.6562801003456116]}