{"loss": [0.6841304761735141, 0.6722325059813303, 0.6664484238128178, 0.6630316775334999, 0.661358330600597, 0.6599712898657472, 0.6574139271064103, 0.6566668218273669, 0.6552370380622894, 0.6545918946770578, 0.6542132914960385, 0.6534411661589146, 0.6527405959623307, 0.65262298102431, 0.6517715331313759, 0.6515784651651979, 0.6510562387675047, 0.6507968652264774, 0.6501826837158949, 0.6502047868683936, 0.6502027701234073, 0.6501512800163776, 0.6499695967806876, 0.6500582957646996, 0.648818087818101, 0.6496499667076022, 0.6488474003286288], "accuracy": [0.5018100108131767, 0.514990011048317, 0.5272000115007162, 0.5375400115549565, 0.5428100121729076, 0.5468400120854378, 0.553280012267828, 0.557100012037158, 0.5597300126791, 0.5625300126075745, 0.562160012447834, 0.5648200125366449, 0.567200012922287, 0.5673400123745203, 0.5684500128597021, 0.5701300129026174, 0.5706700128406286, 0.5716200126290322, 0.5729100124806166, 0.5724200123101473, 0.5741600127577782, 0.5740100125193596, 0.573830012896657, 0.5750100126892328, 0.5772200125694275, 0.5769200130075216, 0.577740012678504], "val_loss": [0.6759356320603492, 0.6681924333321863, 0.6644626062907278, 0.6609773375688122, 0.6605127058403566, 0.6573066065195948, 0.6556828795321286, 0.6536839179985224, 0.6531440907128155, 0.6520706014614552, 0.6502697129350156, 0.649710353321582, 0.6483851608637721, 0.6506132636601105, 0.6479373183246703, 0.6464492932919413, 0.6458549735952169, 0.6463700247671457, 0.6481152853716164, 0.6445604863772169, 0.6443359468165785, 0.6436573308937252, 0.6433640567129478, 0.6429902664715424, 0.6456407561138273, 0.6438041675662624, 0.6472712182391436], "val_accuracy": [0.5046499997787177, 0.5148000002466142, 0.5205500003919006, 0.5421000036112964, 0.5466500049419701, 0.548450005222112, 0.5403500029742718, 0.5505000056661665, 0.5417000037953258, 0.5429000041931867, 0.5570000060908497, 0.5721000078096986, 0.5617000063024461, 0.5779500092417001, 0.5586500060409307, 0.5583000056482852, 0.5666000067293644, 0.5626000064276159, 0.5483500044085086, 0.5724000075533986, 0.5758000081218779, 0.5715000074133277, 0.5685000068582594, 0.5756000077053904, 0.5620500066690147, 0.5808500090613962, 0.5700500079877675]}