{"accuracy": [0.6907100081443787, 0.7259100079536438, 0.7361999750137329, 0.7415800094604492, 0.7435100078582764, 0.7447800040245056, 0.7456099987030029, 0.7465500235557556], "loss": [0.5846900939941406, 0.5423462390899658, 0.5291508436203003, 0.524688720703125, 0.5194832682609558, 0.5169084668159485, 0.515415370464325, 0.515922486782074], "val_accuracy": [0.7359499931335449, 0.751800000667572, 0.7608000040054321, 0.7622500061988831, 0.7644500136375427, 0.7702500224113464, 0.7702999711036682, 0.770799994468689], "val_loss": [0.5352457761764526, 0.5133063197135925, 0.5018105506896973, 0.49501919746398926, 0.49143749475479126, 0.4854606091976166, 0.4835107922554016, 0.48165708780288696]}